{
  "hash": "1dba3cf5",
  "configHash": "f1936b5b",
  "lockfileHash": "633016be",
  "browserHash": "c2ff468f",
  "optimized": {
    "@angular/core": {
      "src": "../../../../../../node_modules/@angular/core/fesm2022/core.mjs",
      "file": "@angular_core.js",
      "fileHash": "cefd1142",
      "needsInterop": false
    },
    "@angular/platform-browser": {
      "src": "../../../../../../node_modules/@angular/platform-browser/fesm2022/platform-browser.mjs",
      "file": "@angular_platform-browser.js",
      "fileHash": "f99d5bc1",
      "needsInterop": false
    },
    "@angular/router": {
      "src": "../../../../../../node_modules/@angular/router/fesm2022/router.mjs",
      "file": "@angular_router.js",
      "fileHash": "1d4a6bb3",
      "needsInterop": false
    }
  },
  "chunks": {
    "chunk-ECR4DRUJ": {
      "file": "chunk-ECR4DRUJ.js"
    },
    "chunk-MXERCKDL": {
      "file": "chunk-MXERCKDL.js"
    }
  }
}