{
  "hash": "8785cde5",
  "configHash": "84e3b865",
  "lockfileHash": "633016be",
  "browserHash": "37d26bf4",
  "optimized": {
    "@angular-architects/native-federation": {
      "src": "../../../../../../node_modules/@angular-architects/native-federation/src/index.js",
      "file": "@angular-architects_native-federation.js",
      "fileHash": "41901b6b",
      "needsInterop": false
    },
    "@angular/core": {
      "src": "../../../../../../node_modules/@angular/core/fesm2022/core.mjs",
      "file": "@angular_core.js",
      "fileHash": "7ac3ef8d",
      "needsInterop": false
    },
    "@angular/platform-browser": {
      "src": "../../../../../../node_modules/@angular/platform-browser/fesm2022/platform-browser.mjs",
      "file": "@angular_platform-browser.js",
      "fileHash": "d207c2e1",
      "needsInterop": false
    },
    "@angular/router": {
      "src": "../../../../../../node_modules/@angular/router/fesm2022/router.mjs",
      "file": "@angular_router.js",
      "fileHash": "0c6ea077",
      "needsInterop": false
    }
  },
  "chunks": {
    "chunk-TJ7FJUHL": {
      "file": "chunk-TJ7FJUHL.js"
    },
    "chunk-PX6KA7XN": {
      "file": "chunk-PX6KA7XN.js"
    },
    "chunk-WDMUDEB6": {
      "file": "chunk-WDMUDEB6.js"
    }
  }
}