{
  "hash": "0a1e753e",
  "configHash": "22cf2019",
  "lockfileHash": "633016be",
  "browserHash": "c1924407",
  "optimized": {
    "@angular/core": {
      "src": "../../../../../../node_modules/@angular/core/fesm2022/core.mjs",
      "file": "@angular_core.js",
      "fileHash": "b17f2102",
      "needsInterop": false
    },
    "@angular/platform-browser": {
      "src": "../../../../../../node_modules/@angular/platform-browser/fesm2022/platform-browser.mjs",
      "file": "@angular_platform-browser.js",
      "fileHash": "a60817d2",
      "needsInterop": false
    },
    "@angular/router": {
      "src": "../../../../../../node_modules/@angular/router/fesm2022/router.mjs",
      "file": "@angular_router.js",
      "fileHash": "e6e74a34",
      "needsInterop": false
    }
  },
  "chunks": {
    "chunk-ECR4DRUJ": {
      "file": "chunk-ECR4DRUJ.js"
    },
    "chunk-MXERCKDL": {
      "file": "chunk-MXERCKDL.js"
    }
  }
}